processid	sampleid	fieldid	museumid	record_id	specimenid	processid_minted_date	bin_uri	bin_created_date	collection_code	inst	sovereign_inst	taxid	kingdom	phylum	class	order	family	subfamily	tribe	genus	species	subspecies	species_reference	identification	identification_method	identification_rank	identified_by	identifier_email	taxonomy_notes	sex	reproduction	life_stage	short_note	notes	voucher_type	tissue_type	specimen_linkout	associated_specimens	associated_taxa	collectors	collection_date_start	collection_date_end	collection_event_id	collection_time	collection_notes	geoid	country/ocean	country_iso	province/state	region	sector	site	site_code	coord	coord_accuracy	coord_source	elev	elev_accuracy	depth	depth_accuracy	habitat	realm	biome	ecoregion	sampling_protocol	nuc	nuc_basecount	insdc_acs	funding_src	marker_code	primers_forward	primers_reverse	sequence_run_site	sequence_upload_date	bold_recordset_code_arr
AANIC003-10	ANIC Gen No. 003924	ANIC Gen No. 003924		AANIC003-10.COI-5P	1695548	2010-10-18	BOLD:AAB9307	2010-07-15		Australian National Insect Collection		69765	Animalia	Arthropoda	Insecta	Lepidoptera	Geometridae	Oenochrominae	None	Arhodia	Arhodia lasiocamparia	None	GuenÃ©e, 1858	Arhodia lasiocamparia	None	species	Edward D. Edwards		None	 	 	A		None	None	None	None	None	None	M.Horak, Y.N.Su, E.D.Edwards	2009-01-18	None	None	None	None	370	Australia	AU	Queensland			The Millstream, 9km NNE Ravenshoe	None	[-17.32, 145.31]	None	None	1045.0	None	None	None	None	Australasia	None	Einasleigh_upland_savanna	None	AACATTATATTTTATTTTTGGTATTTGAGCTGGTATAATTGGAACTTCTTTAAGATTATTAATTCGAGCAGAATTAGGTAATCCAGGATCTTTAATTGGAGATGATCAAATTTATAATACAATTGTCACTGCACATGCTTTTATTATAATTTTTTTTATAGTTATACCTATTATAATTGGAGGATTTGGAAATTGACTAATTCCTTTAATATTAGGAGCCCCAGATATAGCTTTCCCACGAATAAATAATATAAGATTTTGATTATTACCACCTTCTATTATTTTATTAATTTCAAGAAGAATTGTAGAAAATGGAGCAGGTACTGGTTGAACTGTCTACCCCCCGTTATCTTCTAATATTGCTCATGGAGGAAGTTCAGTAGATTTAGCTATTTTTTCCCTTCATTTAGCTGGTATCTCATCAATTTTAGGAGCTATTAATTTTATTACAACTATTATTAATATACGATTAAATAACTTATCTTTTGATCAAATACCTTTATTTGTGTGAGCTGTAGGAATTACAGCATTTTTATTATTATTATCATTACCTGTTTTAGCAGGAGCTATTACCATATTATTAACTGATCGAAATTTAAATACTTCATTTTTTGATCCAGCAGGAGGAGGAGATCCAATCTTATATCAACATTTATTT	658	JF840047	iBOL:WG1.9	COI-5P			Centre for Biodiversity Genomics	2011-01-17	['AANIC', 'DS-ANIC2A', 'DS-ARHODIA', 'DS-MOB113', 'DS-ANICPR1', 'DS-ANIC', 'DS-OCGEO', 'DS-LEPMAY11']
AANIC101-10	ANIC Gen No. 004222	ANIC Gen No. 004222		AANIC101-10.COI-5P	1695646	2010-10-18	BOLD:AAB9307	2010-07-15		Australian National Insect Collection		69765	Animalia	Arthropoda	Insecta	Lepidoptera	Geometridae	Oenochrominae	None	Arhodia	Arhodia lasiocamparia	None	GuenÃ©e, 1858	Arhodia lasiocamparia	None	species	Edward D. Edwards		None	 	 	A		None	None	None	None	None	None	D.R. Holmes	1986-11-25	None	None	None	None	2526	Australia	AU	Victoria			Dromana	None	[-38.334, 144.963]	None		None	None	None	None	None	Australasia	None	Southeast_Australia_temperate_forests	None	AACATTATATTTTATTTTTGGTATTTGAGCTGGTATAATTGGAACTTCTTTAAGATTATTAATTCGGGCAGAATTAGGTAATCCAGGATCTTTAATTGGGGATGATCAAATTTATAATACAATTGTTACTGCACATGCTTTTATTATAATTTTTTTTATAGTTATACCTATTATAATTGGAGGATTTGGAAATTGACTAATTCCCTTAATATTGGGAGCCCCAGATATAGCTTTTCCACGAATAAATAATATAAGATTTTGATTATTACCACCTTCTATTATTTTATTAATTTCAAGAAGAATTGTAGAAAATGGAGCAGGTACTGGTTGAACTGTCTATCCACCATTATCTTCTAATATTGCTCATGGGGGAAGTTCAGTAGACTTAGCTATTTTTTCCCTTCATTTAGCTGGTATTTCATCAATTTTAGGGGCTATTAATTTTATTACAACTATTATTAATATACGATTAAATAATTTATCTTTTGATCAAATACCTTTATTTGTGTGAGCTGTAGGAATTACAGCATTTTTATTATTATTATCATTACCTGTTTTAGCAGGAGCTATTACCATATTATTAACTGATCGAAATTTAAATACTTCATTTTTTGATCCAGCAGGAGGAGGAGATCCAATCTTATATCAACATTTATTT	658	JF840082	iBOL:WG1.9	COI-5P			Centre for Biodiversity Genomics	2011-01-24	['AANIC', 'DS-ANIC2A', 'DS-ARHODIA', 'DS-MOB113', 'DS-ANICPR1', 'DS-ANIC', 'DS-OCGEO']
AANIC102-10	ANIC Gen No. 004223	ANIC Gen No. 004223		AANIC102-10.COI-5P	1695647	2010-10-18	BOLD:AAC8733	2010-07-15		Australian National Insect Collection		69765	Animalia	Arthropoda	Insecta	Lepidoptera	Geometridae	Oenochrominae	None	Arhodia	Arhodia lasiocamparia	None	GuenÃ©e, 1858	Arhodia lasiocamparia	None	species	Edward D. Edwards		None	 	 	A		None	None	None	None	None	None	P.B. McQuillan & E.S. Nielsen	1988-11-25	None	None	None	None	368	Australia	AU	Tasmania			Lake Dobson Rd	None	[-42.42, 146.43]	None	None	None	None	None	None	None	Australasia	None	Tasmanian_temperate_rain_forests	None	AACATTATATTTTATTTTTGGTATTTGAGCTGGTATAATTGGAACTTCTTTAAGATTATTAATTCGAGCAGAATTAGGTAACCCAGGGTCTTTAATTGGAGATGATCAAATTTATAATACTATTGTTACTGCACATGCTTTTATTATAATTTTTTTCATAGTTATACCTATTATAATTGGAGGATTTGGAAATTGATTAGTACCTCTAATATTAGGGGCCCCAGATATAGCTTTCCCACGAATAAATAATATAAGATTTTGATTATTACCTCCTTCAATTATTTTATTAATTTCAAGAAGAATTGTAGAAAATGGGGCAGGTACTGGATGAACTGTTTATCCGCCTTTATCTTCTAATATTGCCCACGGAGGAAGCTCAGTAGATTTAGCTATCTTTTCTCTTCATTTAGCTGGTATTTCATCAATTTTAGGAGCTATTAATTTTATTACAACTATTATTAACATACGATTAAATAATTTATCTTTTGATCAAATACCTCTATTTGTATGAGCTGTAGGAATTACAGCATTTTTATTATTATTATCTTTACCTGTTTTAGCAGGAGCAATTACTATATTATTAACTGATCGAAATTTAAATACTTCATTTTTTGATCCAGCAGGAGGAGGAGATCCAATCTTATATCAACACTTATTT	658	JF840083	iBOL:WG1.9	COI-5P			Centre for Biodiversity Genomics	2011-01-24	['AANIC', 'DS-ANIC2A', 'DS-ARHODIA', 'DS-MOB113', 'DS-ANICPR1', 'DS-ANIC', 'DS-OCGEO']
AANIC104-10	ANIC Gen No. 004225	ANIC Gen No. 004225		AANIC104-10.COI-5P	1695649	2010-10-18	BOLD:ACF0342	2013-05-07		Australian National Insect Collection		69765	Animalia	Arthropoda	Insecta	Lepidoptera	Geometridae	Oenochrominae	None	Arhodia	Arhodia lasiocamparia	None	GuenÃ©e, 1858	Arhodia lasiocamparia	None	species	Edward D. Edwards		None	 	 	A		None	None	None	None	None	None	G. Cocking	2009-10-18	None	None	None	None	2526	Australia	AU	Victoria			Chiltern vicinity	None	[-36.08, 146.35]	None	None	None	None	None	None	None	Australasia	None	Southeast_Australia_temperate_savanna	None	AACATTATATTTTATTTTTGGTATTTGAGCAGGTATAATTGGAACTTCTTTAAGATTATTAATTCGAGCAGAATTAGGTAATCCTGGATCTTTAATTGGAGATGACCAAATTTATAATACTATTGTTACTGCACATGCTTTTATTATAATTTTTTTCATAGTTATACCTATTATAATTGGAGGATTTGGAAATTGATTAGTACCTTTAATATTAGGGGCCCCAGATATAGCTTTCCCACGAATAAATAATATAAGATTTTGATTATTACCACCTTCTATTATTTTATTAATTTCTAGAAGAATTGTAGAAAATGGAGCAGGAACTGGATGAACTGTCTATCCTCCTTTATCTTCTAATATTGCCCATAGAGGAAGATCAGTAGATTTAGCCATTTTTTCCCTTCATTTAGCTGGTATTTCATCAATTTTAGGGGCTATTAATTTTATTACAACTATTATTAATATACGATTAAATAATTTATCATTTGATCAAATACCCTTATTTGTATGAGCTGTAGGAATTACAGCATTTTTATTATTATTATCTTTACCAGTATTAGCAGGAGCTATTACTATATTATTAACTGATCGAAATTTAAATACTTCATTTTTTGACCCAGCAGGAGGAGGAGATCCAATCTTATATCAACATTTATTT	658	JF840084	iBOL:WG1.9	COI-5P			Centre for Biodiversity Genomics	2011-01-24	['AANIC', 'DS-ANIC2A', 'DS-ARHODIA', 'DS-MOB113', 'DS-ANICPR1', 'DS-ANIC', 'DS-OCGEO']
AANIC105-10	ANIC Gen No. 004226	ANIC Gen No. 004226		AANIC105-10.COI-5P	1695650	2010-10-18	BOLD:ACF0342	2013-05-07		Australian National Insect Collection		69765	Animalia	Arthropoda	Insecta	Lepidoptera	Geometridae	Oenochrominae	None	Arhodia	Arhodia lasiocamparia	None	GuenÃ©e, 1858	Arhodia lasiocamparia	None	species	Edward D. Edwards		None	 	 	A		None	None	None	None	None	None	G. Cocking	2009-10-18	None	None	None	None	2526	Australia	AU	Victoria			Chiltern vicinity	None	[-36.08, 146.35]	None	None	None	None	None	None	None	Australasia	None	Southeast_Australia_temperate_savanna	None	AACATTATATTTTATTTTTGGTATTTGAGCAGGTATAATTGGAACTTCTTTAAGATTATTAATTCGAGCAGAATTAGGTAATCCTGGATCTTTAATTGGAGATGACCAAATTTATAATACTATTGTTACTGCACATGCTTTTATTATAATTTTTTTCATAGTTATACCTATTATAATTGGAGGATTTGGAAATTGATTAGTACCTTTAATATTAGGGGCCCCAGATATAGCTTTCCCACGAATAAATAATATAAGATTTTGATTATTACCACCTTCTATTATTTTATTAATTTCTAGAAGAATTGTAGAAAATGGAGCAGGAACTGGATGAACTGTCTATCCTCCTTTATCTTCTAATATTGCCCATAGAGGAAGATCAGTAGATTTAGCCATTTTTTCCCTTCATTTAGCTGGTATTTCATCAATTTTAGGGGCTATTAATTTTATTACAACTATTATTAATATACGATTAAATAATTTATCATTTGATCAAATACCCTTATTTGTATGAGCTGTAGGAATTACAGCATTTTTATTATTATTATCTTTACCAGTATTAGCAGGAGCTATTACTATATTATTAACTGATCGAAATTTAAATACTTCATTTTTTGACCCAGCAGGAGGAGGAGATCCAATCTTATATCAACATTTATTT	658	JF840085	iBOL:WG1.9	COI-5P			Centre for Biodiversity Genomics	2011-01-24	['AANIC', 'DS-ANIC2A', 'DS-ARHODIA', 'DS-MOB113', 'DS-ANICPR1', 'DS-ANIC', 'DS-OCGEO']
AANIC108-10	ANIC Gen No. 004229	ANIC Gen No. 004229		AANIC108-10.COI-5P	1695653	2010-10-18	BOLD:AAB0526	2010-07-15		Australian National Insect Collection		69765	Animalia	Arthropoda	Insecta	Lepidoptera	Geometridae	Oenochrominae	None	Arhodia	Arhodia lasiocamparia	None	GuenÃ©e, 1858	Arhodia lasiocamparia	None	species	Edward D. Edwards		None	 	 	A		None	None	None	None	None	None	E.D.Edwards	2003-11-15	None	None	None	None	371	Australia	AU	New South Wales			Wombeyan Caves	None	[-34.18, 149.58]	None	None	None	None	None	None	None	Australasia	None	Eastern_Australian_temperate_forests	None	AACATTATATTTTATTTTTGGTATTTGAGCAGGTATAATTGGAACTTCTTTAAGATTATTAATTCGAGCAGAATTAGGTAATCCTGGATCTTTGATTGGAGATGACCAAATTTATAATACTATTGTTACTGCACATGCTTTTATTATAATTTTTTTTATAGTTATACCTATTATAATCGGAGGATTTGGAAATTGATTAGTACCTTTAATATTAGGAGCTCCAGATATAGCTTTCCCACGAATAAATAATATAAGATTTTGATTATTACCACCTTCTATTATTTTATTAATTTCTAGAAGAATTGTAGAAAATGGAGCAGGAACTGGATGAACTGTTTATCCTCCTTTATCTTCTAATATTGCTCATGGAGGAAGATCAGTAGATTTAGCCATTTTTTCTCTTCATTTAGCTGGTATTTCATCAATTTTAGGAGCTATTAATTTTATTACAACTATTATTAATATACGATTAAATAATTTATCATTTGATCAAATACCCTTATTTGTATGAGCTGTAGGAATTACAGCATTTTTATTATTGCTATCTTTACCAGTATTAGCAGGAGCTATTACTATATTATTGACTGATCGAAATTTAAATACTTCATTTTTTGATCCAGCAGGAGGAGGAGATCCAATCTTATATCAACATTTATTT	658	JF840086	iBOL:WG1.9	COI-5P			Centre for Biodiversity Genomics	2011-01-24	['AANIC', 'DS-ANIC2A', 'DS-ARHODIA', 'DS-MOB113', 'DS-ANICPR1', 'DS-ANIC', 'DS-OCGEO', 'DS-LEPMAY11']
AANIC109-10	ANIC Gen No. 004230	ANIC Gen No. 004230		AANIC109-10.COI-5P	1695654	2010-10-18	BOLD:AAB9307	2010-07-15		Australian National Insect Collection		69765	Animalia	Arthropoda	Insecta	Lepidoptera	Geometridae	Oenochrominae	None	Arhodia	Arhodia lasiocamparia	None	GuenÃ©e, 1858	Arhodia lasiocamparia	None	species	Edward D. Edwards		None	 	 	A		collection time: 28/12/2003-3/1/2004	None	None	None	None	None	A. Kallies	2003-12-28	None	None	None	None	371	Australia	AU	New South Wales			Nimbin	None	[-28.33, 153.16]	None	None	None	None	None	None	None	Australasia	None	Eastern_Australian_temperate_forests	None	AACATTATATTTTATTTTTGGTATTTGAGCTGGTATAATTGGAACTTCTTTAAGATTATTAATTCGGGCAGAATTAGGTAATCCAGGATCTTTAATTGGAGATGATCAAATTTATAATACAATTGTCACTGCACATGCTTTTATTATAATTTTTTTTATAGTTATACCTATTATAATTGGAGGATTTGGAAATTGACTAATTCCTTTAATATTAGGAGCCCCAGATATAGCTTTTCCACGAATAAATAATATAAGATTTTGATTATTACCACCTTCTATTATTTTATTAATTTCAAGAAGAATTGTAGAAAATGGAGCAGGTACTGGTTGAACTGTCTATCCCCCGTTATCTTCTAATATTGCTCATGGAGGAAGTTCAGTAGATTTAGCTATTTTTTCCCTTCATTTAGCTGGTATCTCATCAATTTTAGGAGCTATTAATTTTATTACAACTATTATTAATATACGATTAAATAATTTATCTTTTGATCAAATACCTTTATTTGTGTGAGCTGTAGGAATTACAGCATTTTTATTATTATTATCATTACCTGTTTTAGCAGGAGCTATTACCATATTATTAACTGATCGAAATTTAAATACTTCATTTTTTGATCCAGCAGGAGGAGGAGATCCAATCTTATATCAACATTTATTT	658	JF840087	iBOL:WG1.9	COI-5P			Centre for Biodiversity Genomics	2011-01-24	['AANIC', 'DS-ANIC2A', 'DS-ARHODIA', 'DS-MOB113', 'DS-ANICPR1', 'DS-ANIC', 'DS-GCMAR', 'DS-OCGEO', 'DS-LEPMAY11']
AANIC112-10	ANIC Gen No. 004233	ANIC Gen No. 004233		AANIC112-10.COI-5P	1695657	2010-10-18	BOLD:AAB9307	2010-07-15		Australian National Insect Collection		69765	Animalia	Arthropoda	Insecta	Lepidoptera	Geometridae	Oenochrominae	None	Arhodia	Arhodia lasiocamparia	None	GuenÃ©e, 1858	Arhodia lasiocamparia	None	species	Edward D. Edwards		None	 	 	A		None	None	None	None	None	None	D.J. Ferguson	2008-12-09	None	None	None	None	879	Australia	AU	Australian Capital Territory			South Black Ra, 8km E Hoskinstown	None	[-35.25, 149.32]	None	None	None	None	None	None	None	Australasia	None	Eastern_Australian_temperate_forests	None	AACATTATATTTTATTTTTGGTATCTGAGCTGGTATAATTGGAACTTCTTTAAGATTATTAATTCGGGCAGAATTAGGTAATCCAGGATCTTTAATTGGAGATGATCAAATTTATAATACAATTGTCACTGCACATGCTTTTATTATAATTTTTTTTATAGTTATACCTATTATAATCGGAGGATTTGGAAATTGACTAATTCCTTTAATATTAGGGGCCCCAGATATGGCTTTTCCACGAATAAATAATATAAGATTTTGATTATTACCACCTTCTATTATTTTATTAATTTCAAGAAGAATTGTAGAAAATGGAGCAGGTACTGGTTGAACTGTCTATCCCCCATTATCTTCTAATATTGCTCATGGAGGAAGTTCAGTAGATTTAGCTATTTTTTCCCTTCATTTAGCTGGTATCTCATCAATTTTAGGAGCTATTAATTTTATTACAACTATTATTAATATACGATTAAATAATTTATCTTTTGATCAAATACCTTTATTTGTGTGAGCTGTAGGAATTACAGCATTTTTATTATTATTATCATTACCTGTTTTAGCAGGAGCTATTACCATATTATTAACTGATCGAAATTTAAATACTTCATTTTTTGATCCAGCAGGAGGAGGAGATCCAATCTTATATCAACATTTATTT	658	JF840088	iBOL:WG1.9	COI-5P			Centre for Biodiversity Genomics	2011-01-24	['AANIC', 'DS-ANIC2A', 'DS-ARHODIA', 'DS-MOB113', 'DS-ANICPR1', 'DS-ANIC', 'DS-OCGEO']
AANIC114-10	ANIC Gen No. 004235	ANIC Gen No. 004235		AANIC114-10.COI-5P	1695659	2010-10-18	BOLD:AAB9307	2010-07-15		Australian National Insect Collection		69765	Animalia	Arthropoda	Insecta	Lepidoptera	Geometridae	Oenochrominae	None	Arhodia	Arhodia lasiocamparia	None	GuenÃ©e, 1858	Arhodia lasiocamparia	None	species	Edward D. Edwards		None	 	 	A		None	None	None	None	None	None	D.J. Ferguson	2003-01-06	None	None	None	None	879	Australia	AU	Australian Capital Territory			Woods Reserve, Gibralter Ck	None	[-35.481, 148.939]	None		None	None	None	None	None	Australasia	None	Eastern_Australian_temperate_forests	None	AACATTATATTTTATTTTTGGTATTTGAGCTGGTATAATTGGAACTTCTTTAAGATTATTAATTCGAGCAGAATTAGGTAATCCAGGATCTTTAATCGGGGATGATCAAATTTATAATACAATTGTTACTGCACATGCTTTTATTATAATTTTTTTTATAGTTATACCTATTATAATTGGAGGATTTGGAAATTGACTAATTCCCTTAATATTGGGAGCCCCAGATATAGCTTTTCCACGAATAAATAATATAAGATTTTGATTATTACCACCTTCTATTATTTTATTAATTTCAAGAAGAATTGTAGAAAATGGAGCAGGTACTGGTTGAACTGTCTATCCCCCATTATCTTCTAATATTGCTCATGGAGGAAGTTCAGTAGACTTAGCTATTTTTTCCCTTCATTTAGCTGGTATTTCATCAATTTTAGGGGCTATTAATTTTATTACAACTATTATTAATATACGATTAAATAATTTATCTTTTGATCAAATACCTTTATTTGTGTGAGCTGTGGGAATTACAGCATTTTTATTATTATTATCATTACCTGTTTTAGCAGGAGCTATTACCATATTATTAACTGATCGAAATTTAAATACTTCATTTTTTGATCCGGCAGGAGGAGGAGATCCAATCTTATATCAACATTTATTT	658	JF840089	iBOL:WG1.9	COI-5P			Centre for Biodiversity Genomics	2011-01-24	['AANIC', 'DS-ANIC2A', 'DS-ARHODIA', 'DS-MOB113', 'DS-ANICPR1', 'DS-ANIC', 'DS-OCGEO']
